{
  "MCU260": {
    "target_c": 260.0,
    "initial_c": 116.69,
    "duration_s": 226.5280399970361,
    "stable_band_c": 1.0,
    "stable_entry_s": 106.27538202400319,
    "peak_c": 261.53,
    "overshoot_c": 1.5299999999999727,
    "steady_window_s": 60.0,
    "steady_mean_error_c": -0.0032499999999994126,
    "steady_stddev_c": 0.022329446179125755,
    "steady_peak_to_peak_c": 0.09000000000003183,
    "steady_rmse_c": 0.02256472172809738,
    "steady_mean_power": 0.6958088553190407,
    "steady_power_stddev": 0.006910293753462532,
    "loop_dt_count": 13861.0,
    "loop_dt_mean_s": 0.3002749204963567,
    "loop_dt_stddev_s": 0.016288718859908378,
    "loop_dt_min_s": 0.299954,
    "loop_dt_max_s": 1.42927
  }
}
