{
  "acceptance_status": "feasibility-only",
  "controller_execution": "mcu-fixed-point",
  "fault_samples": 0,
  "heater": "heater_bed",
  "initial_temperature_c": 29.14,
  "maximum_temperature_c": 55.25,
  "overshoot_c": 0.25,
  "qualification_duration_s": 327.4545877950004,
  "ready_band_c": 1.0,
  "ready_hold_s": 60.0,
  "source_csv": "mcu-predictive-bed55-feasibility-20260720.csv",
  "steady_power_delta_rms": 0.0018957334855842893,
  "steady_power_mean": 0.35088326261363567,
  "steady_power_stddev": 0.03203943517539075,
  "steady_samples": 104,
  "steady_temperature_error_rms_c": 0.43413375287417505,
  "steady_temperature_mean_c": 54.728942307692314,
  "steady_temperature_peak_error_c": 0.9600000000000009,
  "steady_temperature_stddev_c": 0.339116267414944,
  "target_c": 55.0,
  "time_to_first_crossing_s": 298.63212740900053,
  "time_to_print_s": 206.94938092099983,
  "unpaired_comparison": true
}
